question,reference_answer,contexts
What is FFHA and FHA?,The Federal Housing Finance Agency (FHFA) sets the loan limits on conforming conventional loans . Federal Housing Administration (FHA ) sets the loan limits on FHA loans based on the geography.,"What are conventional fixed rate loans?  
 Good credit borrowers prefer conventional loans. They are the most common 
mortgage kin d. The interest rate is fixed for the loan duration and typically requires 
down payment. They are of two types - conforming or non -confirming depending on 
whether they  comply or don't comply with financial guidelines from  Federal Housing 
Finance Agency (FHFA ). 
 
What is FFHA  and FHA ? 
The Federal Housing Finance Agency (FHFA) sets the loan limits on conforming 
conventional loans .  Federal Housing Administration  (FHA ) sets the loan limits on FHA 
loans based on the geography.  
 
What are Jumbo loans?  
Jumbo loans are appropriate for good -credit borrowers buying expensive  homes. 
Jumbo mortgages exceed FHFA conforming loan restrictions.  Jumbo loan s often 
require a large down payment of at least 20%.  
 
What are Adjustable -Rate Mortgage ARM  loans?  
An adjustable -rate mortgage (ARM) has a variable interest rate. The rate fluctuates 
over the repayment period. For example,  a 5/1 ARM, has an initial fixed -rate period of 
5 years and a period where the rate adjusts annu ally. 
 
Which is better – a conventional fixed rate or an adjustable rate  where 
rate changes ? 
On a fixed -rate loan, the interest rate doesn't change over the life of the loan. In an  
adjustable -rate mortgage (ARM) the interest rate that is fixed for a set number of years 
and then afterwards introduces some risk as rates can  go up or down . The rate change 
is based on a market index such as the - secured overnight financing rate (SOFR ).  
 
What is a Federal Housing Administration (FHA) Loan?  
A Federal Housing Administration (FHA) loan is a home mortgage insured by the 
government and issued by a lender /bank approved by the agency. FHA loans require a 
lower minimum down payment than many conventional loans, and  are suited to 
applicants with  lower credit scores.  
 
What loan is available for new construction ?
"
What are Adjustable-Rate Mortgage ARM loans?,An adjustable -rate mortgage (ARM) has a variable interest rate.,"What are conventional fixed rate loans?  
 Good credit borrowers prefer conventional loans. They are the most common 
mortgage kin d. The interest rate is fixed for the loan duration and typically requires 
down payment. They are of two types - conforming or non -confirming depending on 
whether they  comply or don't comply with financial guidelines from  Federal Housing 
Finance Agency (FHFA ). 
 
What is FFHA  and FHA ? 
The Federal Housing Finance Agency (FHFA) sets the loan limits on conforming 
conventional loans .  Federal Housing Administration  (FHA ) sets the loan limits on FHA 
loans based on the geography.  
 
What are Jumbo loans?  
Jumbo loans are appropriate for good -credit borrowers buying expensive  homes. 
Jumbo mortgages exceed FHFA conforming loan restrictions.  Jumbo loan s often 
require a large down payment of at least 20%.  
 
What are Adjustable -Rate Mortgage ARM  loans?  
An adjustable -rate mortgage (ARM) has a variable interest rate. The rate fluctuates 
over the repayment period. For example,  a 5/1 ARM, has an initial fixed -rate period of 
5 years and a period where the rate adjusts annu ally. 
 
Which is better – a conventional fixed rate or an adjustable rate  where 
rate changes ? 
On a fixed -rate loan, the interest rate doesn't change over the life of the loan. In an  
adjustable -rate mortgage (ARM) the interest rate that is fixed for a set number of years 
and then afterwards introduces some risk as rates can  go up or down . The rate change 
is based on a market index such as the - secured overnight financing rate (SOFR ).  
 
What is a Federal Housing Administration (FHA) Loan?  
A Federal Housing Administration (FHA) loan is a home mortgage insured by the 
government and issued by a lender /bank approved by the agency. FHA loans require a 
lower minimum down payment than many conventional loans, and  are suited to 
applicants with  lower credit scores.  
 
What loan is available for new construction ?
"
What is a Federal Housing Administration (FHA) Loan?,A Federal Housing Administration (FHA) loan is a home mortgage insured by the government and issued by a lender /bank approved by the agency.,"What are conventional fixed rate loans?  
 Good credit borrowers prefer conventional loans. They are the most common 
mortgage kin d. The interest rate is fixed for the loan duration and typically requires 
down payment. They are of two types - conforming or non -confirming depending on 
whether they  comply or don't comply with financial guidelines from  Federal Housing 
Finance Agency (FHFA ). 
 
What is FFHA  and FHA ? 
The Federal Housing Finance Agency (FHFA) sets the loan limits on conforming 
conventional loans .  Federal Housing Administration  (FHA ) sets the loan limits on FHA 
loans based on the geography.  
 
What are Jumbo loans?  
Jumbo loans are appropriate for good -credit borrowers buying expensive  homes. 
Jumbo mortgages exceed FHFA conforming loan restrictions.  Jumbo loan s often 
require a large down payment of at least 20%.  
 
What are Adjustable -Rate Mortgage ARM  loans?  
An adjustable -rate mortgage (ARM) has a variable interest rate. The rate fluctuates 
over the repayment period. For example,  a 5/1 ARM, has an initial fixed -rate period of 
5 years and a period where the rate adjusts annu ally. 
 
Which is better – a conventional fixed rate or an adjustable rate  where 
rate changes ? 
On a fixed -rate loan, the interest rate doesn't change over the life of the loan. In an  
adjustable -rate mortgage (ARM) the interest rate that is fixed for a set number of years 
and then afterwards introduces some risk as rates can  go up or down . The rate change 
is based on a market index such as the - secured overnight financing rate (SOFR ).  
 
What is a Federal Housing Administration (FHA) Loan?  
A Federal Housing Administration (FHA) loan is a home mortgage insured by the 
government and issued by a lender /bank approved by the agency. FHA loans require a 
lower minimum down payment than many conventional loans, and  are suited to 
applicants with  lower credit scores.  
 
What loan is available for new construction ?
"
What loan is available for new construction?,A construction loan can provide short -term financing for costs associated with building a new house,"applicants with  lower credit scores.  
 
What loan is available for new construction ? 
A construction loan can provide short -term financing for costs associated with building 
a new house . Construction loans may cover the costs of buying land  lots,  engineering 
design contracts, getting  permits , and labor and materials.
"
What does the term market value mean?,The term market value means the price at which a property would be sold in a competitive and open market under normal conditions.,"The APR adds upfront expenses like points and lender fees to the interest rate, 
whereas the interest rate itself is the rate at which interest accrues on the loan 
balance.  
  
  
Describe pre -paid interest.  
  
Pre-paid interest is the amount paid in advance to cover the per diem interest charges 
from the loan closure to the end of the month corresponding with the closing.  
  
Should closing costs be paid in full up front?  
  
To reduce your monthly payments, think about paying closing fees up front  if you have 
the money.  
  
What do closing costs consist of?  
  
Closing costs can vary based on the type of mortgage and location of the property and 
include a variety of fees such pre -paid interest, title insurance, attorney fees, and 
documentation fees.  
  
What's included in my monthly payment?  
  
Principal, interest, mortgage insurance (if applicable), and any escrowed sums for real 
estate taxes and insurance are normally covered by monthly installments.  
  
Explain PMI.  
  
If the down payment is less than 20% of the purchase price of the house, PMI, or 
private mortgage insurance, is typically necessary and is paid for as part of the monthly 
mortgage payment.  
  
What is LTV and why is it important?  
  
LTV, or loan -to-value, is calculated by dividing the total mortgage amount by the fair 
market value of the property. This determines borrowing eligibility, whether mortgage 
insurance is required, and affects the interest rate.  
  
How can I estimate the value of my house?
"
What is PMI?,"private mortgage insurance, or PMI —is usually required.","your home , private mortgage insurance, or PMI —is usually required. The mortgage 
insurance premium  for PMI  is typically included in the monthly mortgage payment.  
 
Fixed or adjustable rate?  
 
 The interest rate on fixed -rate loans is always the same. An adjustable -rate mortgage, 
or ARM, has a fixed interest rate for a predetermined period  before changing in line 
with a market index. A fixed rate can be preferable if you plan to remain in your home 
for an extended period of time. An adjustable -rate mortgage (ARM) could be a better 
option if you want to sell your house before the rate change s because ARM beginning 
rates are often lower than fixed -rate mortgage rates.  
  
An appraisal: what is it?  
  
Produced by a trained, neutral, independent, certified, or licensed professional. 
Appraisals and valuations provide opinions about the market value of the property that 
is being used as collateral for the proposed loan.  
  
Must a home be appraised?  
  
 Almost always, a home appraisal will be necessary. The appraisal is used by a lender 
to determine the house's estimated market value. Since your home will be used as 
collateral against the mortgage, lenders want to be sure it is worth at least as much as 
the loan amount you are requesting.  
  
Will the a ppraisal  be sent to me?  
  
When an applicant applies for a first -lien mortgage or a home equity loan, lenders are 
required to provide all completed appraisals and written valuations.  
  
What do points for a mortgage mean?  
  
Mortgage points, also known as discount points, are one -time expenses paid to lower 
the interest rate. For each point —or one percent of the loan amount —the interest rate 
may be cut by one -eighth to one -quarter percent.  
 
 
 
  
What distinguishes APR from interest rates?
"
What do points for a mortgage mean?,Points are a form of interest paid to the lender for the privilege of borrowing money.,"What constitutes a mortgage?  
 
A mortgage serves as a financial tool, facilitating the purchase or refinancing of a 
property. Understanding the various types of mortgage loans through a comprehensive 
comparison enables one to grasp their distinct advantages and attributes, aiding in 
preparation for the mortgage application process upon finding a desired property.  
 
How does a mortgage work?  
 
Lenders extend mortgage loans to eligible borrowers, who then repay the loan over a 
specified duration referred to as a ""term.""  
 
How can I secure a mortgage?  
 
Mortgages are normally awarded by lenders to candidates based on several qualifying 
factors, including credit score, debt -to-income ratio, and credit history. Prior to 
applying for a mortgage, one should monitor and raise their credit score to strengthen 
their eligibility for one.  
 
What mortgage options align with my financial capacity?  
 
Embarking on the journey of homeownership often begins with gauging one's financial 
capabilities. Utilizing affordability calculators or obtaining prequalification offers 
insights into estimated monthly payments and the potential borrowing amount, 
facilita ting informed decision -making in the home -buying process.
"
Should closing costs be paid in full up front?,"To reduce your monthly payments, think about paying closing fees up front if you have the money.","The APR adds upfront expenses like points and lender fees to the interest rate, 
whereas the interest rate itself is the rate at which interest accrues on the loan 
balance.  
  
  
Describe pre -paid interest.  
  
Pre-paid interest is the amount paid in advance to cover the per diem interest charges 
from the loan closure to the end of the month corresponding with the closing.  
  
Should closing costs be paid in full up front?  
  
To reduce your monthly payments, think about paying closing fees up front  if you have 
the money.  
  
What do closing costs consist of?  
  
Closing costs can vary based on the type of mortgage and location of the property and 
include a variety of fees such pre -paid interest, title insurance, attorney fees, and 
documentation fees.  
  
What's included in my monthly payment?  
  
Principal, interest, mortgage insurance (if applicable), and any escrowed sums for real 
estate taxes and insurance are normally covered by monthly installments.  
  
Explain PMI.  
  
If the down payment is less than 20% of the purchase price of the house, PMI, or 
private mortgage insurance, is typically necessary and is paid for as part of the monthly 
mortgage payment.  
  
What is LTV and why is it important?  
  
LTV, or loan -to-value, is calculated by dividing the total mortgage amount by the fair 
market value of the property. This determines borrowing eligibility, whether mortgage 
insurance is required, and affects the interest rate.  
  
How can I estimate the value of my house?
"
What is LTV and why is it important?,"LTV, or loan -to-value, is calculated by dividing the total mortgage amount by the fair market value of the property.","The APR adds upfront expenses like points and lender fees to the interest rate, 
whereas the interest rate itself is the rate at which interest accrues on the loan 
balance.  
  
  
Describe pre -paid interest.  
  
Pre-paid interest is the amount paid in advance to cover the per diem interest charges 
from the loan closure to the end of the month corresponding with the closing.  
  
Should closing costs be paid in full up front?  
  
To reduce your monthly payments, think about paying closing fees up front  if you have 
the money.  
  
What do closing costs consist of?  
  
Closing costs can vary based on the type of mortgage and location of the property and 
include a variety of fees such pre -paid interest, title insurance, attorney fees, and 
documentation fees.  
  
What's included in my monthly payment?  
  
Principal, interest, mortgage insurance (if applicable), and any escrowed sums for real 
estate taxes and insurance are normally covered by monthly installments.  
  
Explain PMI.  
  
If the down payment is less than 20% of the purchase price of the house, PMI, or 
private mortgage insurance, is typically necessary and is paid for as part of the monthly 
mortgage payment.  
  
What is LTV and why is it important?  
  
LTV, or loan -to-value, is calculated by dividing the total mortgage amount by the fair 
market value of the property. This determines borrowing eligibility, whether mortgage 
insurance is required, and affects the interest rate.  
  
How can I estimate the value of my house?
"
Does a person need an escrow account?,You will use an escrow account a second time to pay for taxes and insurance after you purchase a home,"that operate only online, it is possible for borrowers to be approved when they 
shouldn't be.  
 
 Most buyers agree that finding the right mix of useful technology and in -person 
support is essential to a smooth closing.  
 
 
Explain and give a description of how an escrow account works.  
 
An escrow is a bond, deed, or other document that is held in trust by a third party and 
that only becomes active if a predetermined set of conditions are met. In the mortgage 
business, escrow accounts serve two different functions. After an offer is accept ed, an 
escrow account is used. You put money into an escrow account as a sign of your 
seriousness about the deal. You will use an escrow account a second time to pay for 
taxes and insurance after you purchase a home. A portion of your monthly property 
taxe s and annual homeowners’  insurance premium will be deposited into the account. 
When taxes and insurance are due, your mortgage company will deduct money from 
the account to cover those costs on your behalf.  
 
How long does it take for a mortgage to close?  
 
From loan application to closing, a house purchase typically takes 47 days on average.
"
